sgRNA	gene_id	dmso	treat	logfc	statistic	p.value	method	alternative	fdr	significant	gene_symbol
random_GAAAAGGCACAACCGCGGAG	random	1.4063825908137404	1.5629192538476488	0.15225412831784554	18240.5	1	Wilcoxon rank sum test with continuity correction	two.sided	1	non-significant	NA
random_GAAACCGAACAAGCCGCGAA	random	1.108696802499197	0.8537823595392718	-0.37692462307863367	18240.5	1	Wilcoxon rank sum test with continuity correction	two.sided	1	non-significant	NA
random_GAAACGACAACGCGCGCAGC	random	1.2536353500463695	0.9132529489868841	-0.4570313543369512	18240.5	1	Wilcoxon rank sum test with continuity correction	two.sided	1	non-significant	NA
random_GAAACGCACCGGCGCACGAC	random	0.7983662584513125	0.8934959375476033	0.16241042079935944	18240.5	1	Wilcoxon rank sum test with continuity correction	two.sided	1	non-significant	NA
random_GAAACGGCAAGACACGCCGG	random	0.8345672312784007	1.0058690152034397	0.26934226848671816	18240.5	1	Wilcoxon rank sum test with continuity correction	two.sided	1	non-significant	NA
random_GAAAGGCGCGCCCAAGCGAC	random	2.1953497478677058	2.3847130191220733	0.1193648618046568	18240.5	1	Wilcoxon rank sum test with continuity correction	two.sided	1	non-significant	NA
random_GAACCGACGCGAAGCGCAAA	random	0.838658758836071	0.8612442753202947	0.03833857519881671	18240.5	1	Wilcoxon rank sum test with continuity correction	two.sided	1	non-significant	NA
random_GAACCGAGACGGCGGAACCA	random	1.2956991377388967	1.0856701371990325	-0.25514493145094624	18240.5	1	Wilcoxon rank sum test with continuity correction	two.sided	1	non-significant	NA
random_GAACGACCCGCACAGACGAA	random	1.0510180812501668	1.1040356323497431	0.070999246325944	18240.5	1	Wilcoxon rank sum test with continuity correction	two.sided	1	non-significant	NA
random_GAACGCCGCGACGGAAAACG	random	2.064202084367734	2.0991136444121943	0.024196058344533942	18240.5	1	Wilcoxon rank sum test with continuity correction	two.sided	1	non-significant	NA
random_GAACGCGAACGCAGCCGGAC	random	1.1734669885133728	1.0667683123980476	-0.13753038073631405	18240.5	1	Wilcoxon rank sum test with continuity correction	two.sided	1	non-significant	NA
random_GAACGCGAGACGGACCAACG	random	2.4268082018573707	2.212567096066735	-0.13333888678623473	18240.5	1	Wilcoxon rank sum test with continuity correction	two.sided	1	non-significant	NA
random_GAACGGACAGACGACGCCGC	random	0.7604377362629613	0.6466218780670865	-0.23390780561276894	18240.5	1	Wilcoxon rank sum test with continuity correction	two.sided	1	non-significant	NA
random_GAACGGACCACGACGACCCG	random	1.26194499623445	1.0926606919186328	-0.2078035646869553	18240.5	1	Wilcoxon rank sum test with continuity correction	two.sided	1	non-significant	NA
random_GAAGCGCAAACGGGCCGCAG	random	0.8071509395964653	0.5541938249982733	-0.5424478509944769	18240.5	1	Wilcoxon rank sum test with continuity correction	two.sided	1	non-significant	NA
random_GACAACCGAAGGCGAACCCG	random	2.2571587924824046	1.9437430880256978	-0.21567037155519855	18240.5	1	Wilcoxon rank sum test with continuity correction	two.sided	1	non-significant	NA
random_GACAACGAACCGCCGCAAGC	random	0.7044514185768447	0.6862235208887688	-0.03782164036120565	18240.5	1	Wilcoxon rank sum test with continuity correction	two.sided	1	non-significant	NA
random_GACAAGCGGCCGACCGGCGA	random	1.024331373452378	1.1138523997212801	0.12087556317002383	18240.5	1	Wilcoxon rank sum test with continuity correction	two.sided	1	non-significant	NA
random_GACAGACGCGAGACCGCGAA	random	1.254275211023177	1.1460485141862038	-0.1301858195425553	18240.5	1	Wilcoxon rank sum test with continuity correction	two.sided	1	non-significant	NA
random_GACAGCGCGACACCCGCGGA	random	2.271422429365978	2.2196466228484097	-0.03326602552015764	18240.5	1	Wilcoxon rank sum test with continuity correction	two.sided	1	non-significant	NA
random_GACCCGAGCGAAAACGACGA	random	0.15374692382037947	0.31406447884269095	1.0305032360791329	18240.5	1	Wilcoxon rank sum test with continuity correction	two.sided	1	non-significant	NA
random_GACCCGCGGGCCAACGCAAG	random	0.6976289877707225	0.644930435302778	-0.11331643375201135	18240.5	1	Wilcoxon rank sum test with continuity correction	two.sided	1	non-significant	NA
random_GACCGACGCACAAGAACCCG	random	0.8203190871368896	0.6311021368248936	-0.3783116892307724	18240.5	1	Wilcoxon rank sum test with continuity correction	two.sided	1	non-significant	NA
random_GACCGACGGAACCACGCAGA	random	1.2970519025521354	1.1362294525439447	-0.19098200621440795	18240.5	1	Wilcoxon rank sum test with continuity correction	two.sided	1	non-significant	NA
random_GACCGCCGGGACAACAACGG	random	0.5863069948818302	0.45871635180416515	-0.35405393287253917	18240.5	1	Wilcoxon rank sum test with continuity correction	two.sided	1	non-significant	NA
random_GACCGCGAAACGCGACCCCA	random	1.7521991221162683	1.4754809905924695	-0.24798140005699737	18240.5	1	Wilcoxon rank sum test with continuity correction	two.sided	1	non-significant	NA
random_GACCGCGACCAAAAACCGCA	random	1.0873597854757244	1.3598951620728457	0.322666056453628	18240.5	1	Wilcoxon rank sum test with continuity correction	two.sided	1	non-significant	NA
random_GACCGCGCCAAACGAAACGG	random	0.6677257782679852	0.543340494596958	-0.29739916452760123	18240.5	1	Wilcoxon rank sum test with continuity correction	two.sided	1	non-significant	NA
random_GACCGGCGCAAAAAACGACG	random	0.49045404922969765	0.2253317596449868	-1.1220673060711273	18240.5	1	Wilcoxon rank sum test with continuity correction	two.sided	1	non-significant	NA
random_GACGCCGACACGGACCAACG	random	1.4438298716831448	1.3290336537147205	-0.11952312072280641	18240.5	1	Wilcoxon rank sum test with continuity correction	two.sided	1	non-significant	NA
random_GACGCGCCAACCCGGGACGA	random	0.8148196731491818	0.8535950724384485	0.06707103451171605	18240.5	1	Wilcoxon rank sum test with continuity correction	two.sided	1	non-significant	NA
random_GACGGCGCGCAAACAAGCGG	random	0.9919760930366146	1.0320926980993703	0.05719529650582954	18240.5	1	Wilcoxon rank sum test with continuity correction	two.sided	1	non-significant	NA
random_GAGAACGCCACGACCGCGGC	random	0.6422003206284361	0.7824108186571977	0.28490293370533065	18240.5	1	Wilcoxon rank sum test with continuity correction	two.sided	1	non-significant	NA
random_GAGAAGCGCGCGACAAAAAC	random	0.865328223754682	0.8477265247997747	-0.029648529956358683	18240.5	1	Wilcoxon rank sum test with continuity correction	two.sided	1	non-significant	NA
random_GAGACACCGAGACGCCCGAC	random	2.2132829216752756	2.0366806680124694	-0.11996808385269973	18240.5	1	Wilcoxon rank sum test with continuity correction	two.sided	1	non-significant	NA
random_GAGACACGCCGAACGCCCGG	random	1.1753993680749353	1.403947407418888	0.25633786475823817	18240.5	1	Wilcoxon rank sum test with continuity correction	two.sided	1	non-significant	NA
random_GAGACACGCGGCCGCGCGAA	random	1.5373691914007646	1.8208559209480806	0.24415310803383145	18240.5	1	Wilcoxon rank sum test with continuity correction	two.sided	1	non-significant	NA
random_GAGACGGGGACGAACGACGA	random	0.4596566948728239	0.4665097923833927	0.021350611097411702	18240.5	1	Wilcoxon rank sum test with continuity correction	two.sided	1	non-significant	NA
random_GAGAGACAACGACGCGGAAC	random	0.09078433518852215	0.13246004497982655	0.545041965763622	18240.5	1	Wilcoxon rank sum test with continuity correction	two.sided	1	non-significant	NA
random_GAGAGCCCGAAACAACGCGG	random	1.7398781875284097	1.632399803042404	-0.09199186190507667	18240.5	1	Wilcoxon rank sum test with continuity correction	two.sided	1	non-significant	NA
random_GAGCAAACGGACGACACGCC	random	1.1943794769700005	0.891719389057082	-0.4215995891403666	18240.5	1	Wilcoxon rank sum test with continuity correction	two.sided	1	non-significant	NA
random_GAGCAACGCAAGCGGGCCGG	random	0.8431122604711917	0.8959108398971194	0.08763042500811168	18240.5	1	Wilcoxon rank sum test with continuity correction	two.sided	1	non-significant	NA
random_GAGCACCGCGAGACGACGCC	random	0.8446065006220362	0.7413745301377772	-0.1880767987323955	18240.5	1	Wilcoxon rank sum test with continuity correction	two.sided	1	non-significant	NA
random_GAGCCGGCCGGAGAAACAAC	random	1.5052715816509536	1.6646413752409004	0.14518759934968486	18240.5	1	Wilcoxon rank sum test with continuity correction	two.sided	1	non-significant	NA
random_GAGCGAAACAAGCCGCGCGG	random	0.6311353591597284	0.8664918772619508	0.4572367730302413	18240.5	1	Wilcoxon rank sum test with continuity correction	two.sided	1	non-significant	NA
random_GAGCGAACGAAAACCCGGAC	random	0.3759046206570321	0.5868558634653267	0.6426395600599	18240.5	1	Wilcoxon rank sum test with continuity correction	two.sided	1	non-significant	NA
random_GAGCGAAGCAACGCACGGAC	random	0.9896459687351515	0.5939969328095831	-0.7364570331111988	18240.5	1	Wilcoxon rank sum test with continuity correction	two.sided	1	non-significant	NA
random_GAGCGACGAACCAGAACCGC	random	1.9812370034447633	1.714386865792032	-0.20870876902687424	18240.5	1	Wilcoxon rank sum test with continuity correction	two.sided	1	non-significant	NA
random_GAGCGACGCCAGACCAAACG	random	1.5588506188242301	1.4052480693138762	-0.14965785163415513	18240.5	1	Wilcoxon rank sum test with continuity correction	two.sided	1	non-significant	NA
random_GAGCGCACAACGCAAACGAC	random	1.0022156668976696	0.7105498757721349	-0.496185170121145	18240.5	1	Wilcoxon rank sum test with continuity correction	two.sided	1	non-significant	NA
random_GAGCGCGCAACCCGAAGCGA	random	0.3484593825213018	0.46337101961798505	0.41117731626961807	18240.5	1	Wilcoxon rank sum test with continuity correction	two.sided	1	non-significant	NA
random_GAGCGCGCCAAAGGCGAGAC	random	0.6375501034570124	0.8405277059355212	0.39875665095418983	18240.5	1	Wilcoxon rank sum test with continuity correction	two.sided	1	non-significant	NA
random_GAGCGGACCCGCGACCACAA	random	1.7145198413363811	1.6390802709803116	-0.06491809046751074	18240.5	1	Wilcoxon rank sum test with continuity correction	two.sided	1	non-significant	NA
random_GAGCGGACCGGGAAAACCCG	random	0.4928745476235735	0.5897972636076267	0.25899864778225135	18240.5	1	Wilcoxon rank sum test with continuity correction	two.sided	1	non-significant	NA
random_GAGGCACCGAACGGCCGAAA	random	0.6985541852237186	0.7905424869465139	0.17847097445171978	18240.5	1	Wilcoxon rank sum test with continuity correction	two.sided	1	non-significant	NA
random_GAGGCGACGCACAACGAAGG	random	0.7790441481034269	0.7871493523078033	0.014932308553899747	18240.5	1	Wilcoxon rank sum test with continuity correction	two.sided	1	non-significant	NA
random_GAGGCGAGCGACGCGACACG	random	1.4234196012902842	1.33875990917271	-0.08846375445096662	18240.5	1	Wilcoxon rank sum test with continuity correction	two.sided	1	non-significant	NA
random_GAGGCGCGACGAGAAACGGA	random	0.9330190524113224	0.6037352858405127	-0.6279904182643803	18240.5	1	Wilcoxon rank sum test with continuity correction	two.sided	1	non-significant	NA
random_GAGGGGAACCGACGCACGCC	random	0.428422502356946	0.4226642040790051	-0.01952232380538827	18240.5	1	Wilcoxon rank sum test with continuity correction	two.sided	1	non-significant	NA
random_GCAAAACGCGACCCGAACGG	random	1.279548687959759	1.133956000473489	-0.17427038203347525	18240.5	1	Wilcoxon rank sum test with continuity correction	two.sided	1	non-significant	NA
random_GCAAACGACACCCGAACGCG	random	1.189327227236121	1.1770608473649196	-0.014956806199980716	18240.5	1	Wilcoxon rank sum test with continuity correction	two.sided	1	non-significant	NA
random_GCAAACGGCGCAACGACGCC	random	0.8919088989978508	0.7149506945427859	-0.3190526063778482	18240.5	1	Wilcoxon rank sum test with continuity correction	two.sided	1	non-significant	NA
random_GCAAAGACGGACGACACGAA	random	0.5088839025885001	0.5868341798848085	0.20561634697747802	18240.5	1	Wilcoxon rank sum test with continuity correction	two.sided	1	non-significant	NA
random_GCAAAGCGCGAGACGCCGGA	random	0.9655635533218643	0.8437941706237384	-0.1944800996907469	18240.5	1	Wilcoxon rank sum test with continuity correction	two.sided	1	non-significant	NA
random_GCAAAGGGGCGAACGCGACC	random	1.060821970780163	1.0844742030500383	0.031813174623093896	18240.5	1	Wilcoxon rank sum test with continuity correction	two.sided	1	non-significant	NA
random_GCAACGAGCCGACGCAACCA	random	1.084349330965874	0.9850814653647988	-0.13851466197911125	18240.5	1	Wilcoxon rank sum test with continuity correction	two.sided	1	non-significant	NA
random_GCAACGGGCACGAAAACGCC	random	1.0063535274927315	0.7984713933126115	-0.33382457999356396	18240.5	1	Wilcoxon rank sum test with continuity correction	two.sided	1	non-significant	NA
random_GCACAACCAGCGCACGCGAC	random	1.499118102654207	1.5487426086366933	0.046983351801987844	18240.5	1	Wilcoxon rank sum test with continuity correction	two.sided	1	non-significant	NA
random_GCACCCGCACGACAAACCGA	random	3.06694709853289	3.3363407909907448	0.12146337867800185	18240.5	1	Wilcoxon rank sum test with continuity correction	two.sided	1	non-significant	NA
random_GCACCCGCGACACAACACGA	random	1.8189274192510927	1.6583796207697379	-0.13331368329904067	18240.5	1	Wilcoxon rank sum test with continuity correction	two.sided	1	non-significant	NA
random_GCACCGAGACCAACGCGAAG	random	1.470665637683902	1.248540926539955	-0.23622616794112555	18240.5	1	Wilcoxon rank sum test with continuity correction	two.sided	1	non-significant	NA
random_GCACGAACCAAACACAGACG	random	0.2487009339312249	0.3763321045517369	0.5975944444375445	18240.5	1	Wilcoxon rank sum test with continuity correction	two.sided	1	non-significant	NA
random_GCACGACGAACGCGCCAAAC	random	0.9342079740810822	0.9024207566549067	-0.049943507877148234	18240.5	1	Wilcoxon rank sum test with continuity correction	two.sided	1	non-significant	NA
random_GCACGACGCCGAACAGAGAC	random	0.9074592440125682	0.8383894960311072	-0.11421220813179894	18240.5	1	Wilcoxon rank sum test with continuity correction	two.sided	1	non-significant	NA
random_GCACGCACACGGAAAGACGA	random	0.9592583208071963	0.9902577036092133	0.045884645352362446	18240.5	1	Wilcoxon rank sum test with continuity correction	two.sided	1	non-significant	NA
random_GCACGGCGGAGCGCAAACGA	random	0.22536030505753837	0.14095181834767426	-0.677031332218856	18240.5	1	Wilcoxon rank sum test with continuity correction	two.sided	1	non-significant	NA
random_GCAGAACGCCCACGGACGAA	random	1.3475206096867312	1.4085504422887296	0.06390389121471007	18240.5	1	Wilcoxon rank sum test with continuity correction	two.sided	1	non-significant	NA
random_GCAGAACGGACCGAACCCCG	random	0.6849453480498917	1.0406564816443664	0.6034331320427339	18240.5	1	Wilcoxon rank sum test with continuity correction	two.sided	1	non-significant	NA
random_GCAGACACACGCGACGGCGA	random	0.617668082393454	0.8142751004869613	0.3986845049250526	18240.5	1	Wilcoxon rank sum test with continuity correction	two.sided	1	non-significant	NA
random_GCAGCGAACGACAAGCGGAC	random	1.3323720769971494	1.1284522911470436	-0.23965159899045385	18240.5	1	Wilcoxon rank sum test with continuity correction	two.sided	1	non-significant	NA
random_GCAGCGCGAAAACGGCACGA	random	0.2859441900233278	0.24959034890777454	-0.19617144280432985	18240.5	1	Wilcoxon rank sum test with continuity correction	two.sided	1	non-significant	NA
random_GCAGCGGACCCGACGAGGAC	random	1.4233735424010616	1.4597444831548043	0.036401534147279827	18240.5	1	Wilcoxon rank sum test with continuity correction	two.sided	1	non-significant	NA
random_GCCAAACGCCACGGACGACG	random	1.748588291639036	1.8004353686943952	0.04215516715458328	18240.5	1	Wilcoxon rank sum test with continuity correction	two.sided	1	non-significant	NA
random_GCCACCGGACCAACGAAGGA	random	1.1229429200931755	1.1829516193995242	0.07510647475287678	18240.5	1	Wilcoxon rank sum test with continuity correction	two.sided	1	non-significant	NA
random_GCCACGAACGCGAACGACGG	random	2.1080763961049813	2.2096399984081776	0.06788418949597783	18240.5	1	Wilcoxon rank sum test with continuity correction	two.sided	1	non-significant	NA
random_GCCACGAGCGACGACCGGGA	random	0.9598036954645182	0.9890583083967683	0.04331620756563292	18240.5	1	Wilcoxon rank sum test with continuity correction	two.sided	1	non-significant	NA
random_GCCACGCGCCGCACGACGGC	random	1.1058531246291197	1.004167850907073	-0.13915934278392333	18240.5	1	Wilcoxon rank sum test with continuity correction	two.sided	1	non-significant	NA
random_GCCACGGGAAACACGCCGAC	random	0.9090072479852627	0.9667348362301982	0.08882843219758985	18240.5	1	Wilcoxon rank sum test with continuity correction	two.sided	1	non-significant	NA
random_GCCAGGGACGACGCCACGAC	random	0.95708385943111	0.7941582230332136	-0.2692188694130703	18240.5	1	Wilcoxon rank sum test with continuity correction	two.sided	1	non-significant	NA
random_GCCCAAGACGCGAACAACGC	random	1.214963751262984	1.043378433861018	-0.2196507523560964	18240.5	1	Wilcoxon rank sum test with continuity correction	two.sided	1	non-significant	NA
random_GCCCAAGACGCGAACCGCCA	random	1.6786489379083158	1.378380904976125	-0.2843259248121449	18240.5	1	Wilcoxon rank sum test with continuity correction	two.sided	1	non-significant	NA
random_GCCCACGCCGACGGGCCAAA	random	0.8749939804047466	1.243201221521545	0.5067148294465039	18240.5	1	Wilcoxon rank sum test with continuity correction	two.sided	1	non-significant	NA
random_GCCCACGGGACGAAGCGACC	random	1.205579075734745	1.384093503272729	0.19921512583230705	18240.5	1	Wilcoxon rank sum test with continuity correction	two.sided	1	non-significant	NA
random_GCCCCACGAACCGAACCGAC	random	1.6935732381855866	1.2591544170239788	-0.427615157671136	18240.5	1	Wilcoxon rank sum test with continuity correction	two.sided	1	non-significant	NA
random_GCCCGAACACACCGACGAAG	random	1.3686338688455049	1.290736603881369	-0.08454192958992861	18240.5	1	Wilcoxon rank sum test with continuity correction	two.sided	1	non-significant	NA
random_GCCCGAACACCGCGCACAAG	random	0.7886362136849563	0.7975570867233516	0.01622782669291836	18240.5	1	Wilcoxon rank sum test with continuity correction	two.sided	1	non-significant	NA
random_GCCCGCAACCGGAACGACCG	random	1.2583513323310096	1.1485127890860163	-0.13176785793474036	18240.5	1	Wilcoxon rank sum test with continuity correction	two.sided	1	non-significant	NA
random_GCCCGCCCGAACCGCACACG	random	0.5664086938025963	0.7967534791944533	0.49229000434758424	18240.5	1	Wilcoxon rank sum test with continuity correction	two.sided	1	non-significant	NA
random_GCCCGCGAACGGAGACGGCC	random	0.6888762365924226	0.6681597667388415	-0.044051698461008086	18240.5	1	Wilcoxon rank sum test with continuity correction	two.sided	1	non-significant	NA
random_GCCCGGAAGCGCACAAGCGG	random	0.8214197569707844	0.8461421360018337	0.042780381641956335	18240.5	1	Wilcoxon rank sum test with continuity correction	two.sided	1	non-significant	NA
random_GCCCGGCACGCGACGACGGA	random	2.2615466313875427	1.9303767033707468	-0.2284273338632999	18240.5	1	Wilcoxon rank sum test with continuity correction	two.sided	1	non-significant	NA
random_GCCGCAACGCCGACCAAACG	random	1.8789268577786455	2.005402730952726	0.09398308498093993	18240.5	1	Wilcoxon rank sum test with continuity correction	two.sided	1	non-significant	NA
random_GCCGCGAACCGACGCACCGG	random	1.2716077573283688	1.2844298638241574	0.014474391511780557	18240.5	1	Wilcoxon rank sum test with continuity correction	two.sided	1	non-significant	NA
random_GCCGCGAACGAGACGCGCAA	random	1.0054101071620098	0.9412149826106966	-0.09518790609335671	18240.5	1	Wilcoxon rank sum test with continuity correction	two.sided	1	non-significant	NA
random_GCCGCGAAGCACCACGCGAG	random	1.1817426395964452	0.9587246286010014	-0.3017274798091624	18240.5	1	Wilcoxon rank sum test with continuity correction	two.sided	1	non-significant	NA
random_GCCGCGCGCAAAAACGACAC	random	0.13169446908253735	0.16067769109209595	0.2869748789748879	18240.5	1	Wilcoxon rank sum test with continuity correction	two.sided	1	non-significant	NA
random_GCGAAACCGGGACCCGACCA	random	1.040848770594367	1.1103704670984225	0.09328063320665862	18240.5	1	Wilcoxon rank sum test with continuity correction	two.sided	1	non-significant	NA
random_GCGAACCGCGCGCAAACACG	random	1.6967400360074891	1.7298657152693	0.027894508730436727	18240.5	1	Wilcoxon rank sum test with continuity correction	two.sided	1	non-significant	NA
random_GCGAACGAAACCGCACGGGA	random	1.6266595074877053	1.5224099986154014	-0.0955553557246869	18240.5	1	Wilcoxon rank sum test with continuity correction	two.sided	1	non-significant	NA
random_GCGAACGGGGGAACGAAACG	random	1.1396683082178125	0.7815216863839386	-0.5442561879508092	18240.5	1	Wilcoxon rank sum test with continuity correction	two.sided	1	non-significant	NA
random_GCGACCAACGAAGCGCCGAG	random	1.057479525507639	1.310015992950564	0.3089546938587788	18240.5	1	Wilcoxon rank sum test with continuity correction	two.sided	1	non-significant	NA
random_GCGACGAACCGGACGCGGAA	random	1.0663935837663687	1.1458248664915227	0.103646547122113	18240.5	1	Wilcoxon rank sum test with continuity correction	two.sided	1	non-significant	NA
random_GCGACGCGCAAAAACCGGAG	random	0.3396351702037754	0.5083725009551839	0.5819001318716454	18240.5	1	Wilcoxon rank sum test with continuity correction	two.sided	1	non-significant	NA
random_GCGCCCCGAAAAGACGGCGA	random	1.7668884675107284	1.8500730991802843	0.06637130037197876	18240.5	1	Wilcoxon rank sum test with continuity correction	two.sided	1	non-significant	NA
random_GCGCGACAGCGACGAACGGA	random	1.0841269436798946	1.0877562041047557	0.004821549350683199	18240.5	1	Wilcoxon rank sum test with continuity correction	two.sided	1	non-significant	NA
random_GCGCGACCGGACGACCACAA	random	2.0152398713886397	1.994069893580361	-0.015235592975345798	18240.5	1	Wilcoxon rank sum test with continuity correction	two.sided	1	non-significant	NA
random_GCGCGCACGACCGGGAACGA	random	1.4467797676949439	1.4672417552172927	0.02026127322449049	18240.5	1	Wilcoxon rank sum test with continuity correction	two.sided	1	non-significant	NA
random_GCGCGCCAGACGAACCGCGG	random	0.523120444069266	0.37139530059149595	-0.49418759267032003	18240.5	1	Wilcoxon rank sum test with continuity correction	two.sided	1	non-significant	NA
random_GCGCGCGACACGAAACCCGA	random	1.6643759132302942	1.3838641715274629	-0.2662789679244189	18240.5	1	Wilcoxon rank sum test with continuity correction	two.sided	1	non-significant	NA
random_GCGGAGGCGAACCCGCGAAA	random	0.4759669638290035	0.4890495966290115	0.03911934086892824	18240.5	1	Wilcoxon rank sum test with continuity correction	two.sided	1	non-significant	NA
random_GCGGCCACACGACCGAGACG	random	0.6597478985434453	0.461964356062592	-0.5141333087918168	18240.5	1	Wilcoxon rank sum test with continuity correction	two.sided	1	non-significant	NA
random_GCGGCCCAAACGCGACGCGA	random	1.220956797558307	1.1325026558744606	-0.10849771918769761	18240.5	1	Wilcoxon rank sum test with continuity correction	two.sided	1	non-significant	NA
random_GCGGCGAACGACGCGACAGA	random	1.9400187238378734	1.853374537215628	-0.06591612014743498	18240.5	1	Wilcoxon rank sum test with continuity correction	two.sided	1	non-significant	NA
random_GCGGCGACCCGACGCCAAAG	random	0.6228554900757359	0.8268276540349817	0.40868916230791924	18240.5	1	Wilcoxon rank sum test with continuity correction	two.sided	1	non-significant	NA
random_GCGGGCGACAAACCCGGGAC	random	0.5738671916209825	0.665144082298589	0.2129499915339695	18240.5	1	Wilcoxon rank sum test with continuity correction	two.sided	1	non-significant	NA
random_GGAAAACGGCACGGCGAACC	random	1.584556753205678	1.3676532031791342	-0.21237688150472947	18240.5	1	Wilcoxon rank sum test with continuity correction	two.sided	1	non-significant	NA
random_GGAAACCGACCCGACAACGG	random	1.1183118543472506	0.7379373553026203	-0.5997523028034806	18240.5	1	Wilcoxon rank sum test with continuity correction	two.sided	1	non-significant	NA
random_GGAAACGCAACGGCCCACGC	random	1.6629584013382592	1.461670231717937	-0.1861342195471958	18240.5	1	Wilcoxon rank sum test with continuity correction	two.sided	1	non-significant	NA
random_GGAACAACGCGCCGCAAAGC	random	1.9997836531032693	1.7706949850226312	-0.17552821139165423	18240.5	1	Wilcoxon rank sum test with continuity correction	two.sided	1	non-significant	NA
random_GGAACACGAAACGGACCGCG	random	1.0383790306157037	0.7406923609108641	-0.48738679122579776	18240.5	1	Wilcoxon rank sum test with continuity correction	two.sided	1	non-significant	NA
random_GGAACCCGACCACGCAACGA	random	1.0744587231999585	1.0141291285405405	-0.0833686990737576	18240.5	1	Wilcoxon rank sum test with continuity correction	two.sided	1	non-significant	NA
random_GGAACCCGCCGAACGCGCAC	random	0.6573419348845566	0.5155125296234295	-0.3506365312010771	18240.5	1	Wilcoxon rank sum test with continuity correction	two.sided	1	non-significant	NA
random_GGAACCGGCAACCACGCGGA	random	0.793120419392209	1.0545633378006571	0.4110339150790783	18240.5	1	Wilcoxon rank sum test with continuity correction	two.sided	1	non-significant	NA
random_GGAACGAACAGCGACGACCC	random	1.0073852824554232	0.7994603717783515	-0.3335171309414108	18240.5	1	Wilcoxon rank sum test with continuity correction	two.sided	1	non-significant	NA
random_GGAACGAGCACGAAGAGCGA	random	1.421886820837623	1.2382958486158544	-0.1994505955003156	18240.5	1	Wilcoxon rank sum test with continuity correction	two.sided	1	non-significant	NA
random_GGACACGACACCCGCCGAAG	random	0.9955845718879746	1.074035377897582	0.10942573653938538	18240.5	1	Wilcoxon rank sum test with continuity correction	two.sided	1	non-significant	NA
random_GGACCGCCGACGAACGGGCA	random	1.5875911801656177	1.7680364298942228	0.15530854875567665	18240.5	1	Wilcoxon rank sum test with continuity correction	two.sided	1	non-significant	NA
random_GGACGAAAGCACCGAAACGC	random	1.4429835938600306	1.2327642369883611	-0.22715798268370851	18240.5	1	Wilcoxon rank sum test with continuity correction	two.sided	1	non-significant	NA
random_GGACGACGGACGGAAAAAGC	random	1.32932619745697	1.40441490119832	0.07927404418194985	18240.5	1	Wilcoxon rank sum test with continuity correction	two.sided	1	non-significant	NA
random_GGACGCACAACGCGCAGAAC	random	1.9631956324736182	1.6784907777594718	-0.22603933418516017	18240.5	1	Wilcoxon rank sum test with continuity correction	two.sided	1	non-significant	NA
random_GGACGCAGCGACACGCACCA	random	0.9739792656590569	0.9217513160251536	-0.07951348902192701	18240.5	1	Wilcoxon rank sum test with continuity correction	two.sided	1	non-significant	NA
random_GGACGCCCAACGACGAAAGC	random	0.29485759405044	0.2058607756357599	-0.5183493837347324	18240.5	1	Wilcoxon rank sum test with continuity correction	two.sided	1	non-significant	NA
random_GGACGCGGACGACCGGAAAA	random	1.555896599249869	1.5579198744541394	0.001874850068400963	18240.5	1	Wilcoxon rank sum test with continuity correction	two.sided	1	non-significant	NA
random_GGACGCGGACGAGAGACGCA	random	1.2448931748458105	1.2328482901769426	-0.01402667107122993	18240.5	1	Wilcoxon rank sum test with continuity correction	two.sided	1	non-significant	NA
random_GGAGAACGACCAACGAGCGG	random	1.5269939188830857	1.140877926020349	-0.4205498852792632	18240.5	1	Wilcoxon rank sum test with continuity correction	two.sided	1	non-significant	NA
random_GGAGCGAAACGAACACGCGA	random	0.4126605712751761	0.3085951002983506	-0.4192404431098584	18240.5	1	Wilcoxon rank sum test with continuity correction	two.sided	1	non-significant	NA
random_GGAGCGCGACAAGCCACCCG	random	1.3648082679922453	1.3315428030172072	-0.035599486276977586	18240.5	1	Wilcoxon rank sum test with continuity correction	two.sided	1	non-significant	NA
random_GGCAACGAGCGGGCACGCGG	random	0.6528503014062847	0.8541031486931423	0.3876580927000676	18240.5	1	Wilcoxon rank sum test with continuity correction	two.sided	1	non-significant	NA
random_GGCAACGCGACAACACACCG	random	1.8395551141130968	1.5077549691989918	-0.2869549109361013	18240.5	1	Wilcoxon rank sum test with continuity correction	two.sided	1	non-significant	NA
random_GGCAAGACGCGCCCCCGGAA	random	0.2442812697187854	0.36060502658477184	0.5618762579661153	18240.5	1	Wilcoxon rank sum test with continuity correction	two.sided	1	non-significant	NA
random_GGCACCAAGAACGCGACCGG	random	1.3545534161518589	1.486475559315477	0.13407845596144063	18240.5	1	Wilcoxon rank sum test with continuity correction	two.sided	1	non-significant	NA
random_GGCACGACACAACCGCGAAG	random	1.82477263464114	1.9019196447024769	0.059739577807724126	18240.5	1	Wilcoxon rank sum test with continuity correction	two.sided	1	non-significant	NA
random_GGCACGCGACGCACGACGCA	random	2.161776281156348	1.9595137277849333	-0.1417215484673189	18240.5	1	Wilcoxon rank sum test with continuity correction	two.sided	1	non-significant	NA
random_GGCAGACGGCGGCCGACGAC	random	1.7356214186917054	1.825504780045625	0.0728431512764167	18240.5	1	Wilcoxon rank sum test with continuity correction	two.sided	1	non-significant	NA
random_GGCCAACAGGAGCGCGCGAA	random	1.4370404050049062	1.2925814058237397	-0.15284548308955448	18240.5	1	Wilcoxon rank sum test with continuity correction	two.sided	1	non-significant	NA
random_GGCCACGCAGACGCCGACGA	random	1.6996033377435205	1.5996159443397575	-0.08747251543764396	18240.5	1	Wilcoxon rank sum test with continuity correction	two.sided	1	non-significant	NA
random_GGCCCCGACGCGCACCGAAC	random	1.8891953842584586	1.6667433226203099	-0.1807399684287395	18240.5	1	Wilcoxon rank sum test with continuity correction	two.sided	1	non-significant	NA
random_GGCCCGACAAGGCCGCCAAC	random	0.9211430013104734	0.8469868745673963	-0.12108552965530184	18240.5	1	Wilcoxon rank sum test with continuity correction	two.sided	1	non-significant	NA
random_GGCCGAAAGAACCGAGCGAA	random	1.3226056800378398	1.37469332892148	0.055726810936307984	18240.5	1	Wilcoxon rank sum test with continuity correction	two.sided	1	non-significant	NA
random_GGCCGACAAACGCGCGCCAA	random	0.5164391528327101	0.5571353456551313	0.10942946611413765	18240.5	1	Wilcoxon rank sum test with continuity correction	two.sided	1	non-significant	NA
random_GGCCGACGACACAACCGGCG	random	1.7821848921268475	1.7496078563083546	-0.026615412816080954	18240.5	1	Wilcoxon rank sum test with continuity correction	two.sided	1	non-significant	NA
random_GGCCGCCCGAGCCGAAACGA	random	1.3057727217123996	1.1261330282335762	-0.2135265475563866	18240.5	1	Wilcoxon rank sum test with continuity correction	two.sided	1	non-significant	NA
random_GGCCGGGGCGACCGAACGAC	random	1.373974214141266	1.248654674723599	-0.13798038540255655	18240.5	1	Wilcoxon rank sum test with continuity correction	two.sided	1	non-significant	NA
random_GGCGACCGGCGAACGACCGG	random	1.4456602153590323	1.4813976759060965	0.035230474522290334	18240.5	1	Wilcoxon rank sum test with continuity correction	two.sided	1	non-significant	NA
random_GGCGACGGGACACCACGCGG	random	0.9166271510944215	1.2389139068060806	0.43466901181495965	18240.5	1	Wilcoxon rank sum test with continuity correction	two.sided	1	non-significant	NA
random_GGCGCGCACCGAAAAAGCCC	random	1.0982784150324327	1.1054489229651208	0.00938854146331538	18240.5	1	Wilcoxon rank sum test with continuity correction	two.sided	1	non-significant	NA
random_GGCGCGCGACCCAACGCGAA	random	1.6926555912203864	1.8897523742939941	0.158908747356877	18240.5	1	Wilcoxon rank sum test with continuity correction	two.sided	1	non-significant	NA
random_GGCGGACCGCGACGAACCGA	random	1.0795514421924217	1.4012745850954822	0.3763076935520836	18240.5	1	Wilcoxon rank sum test with continuity correction	two.sided	1	non-significant	NA
random_GGGAAAGACCGAGCGCGACC	random	0.913745272164592	0.7868453882836053	-0.21571185615136154	18240.5	1	Wilcoxon rank sum test with continuity correction	two.sided	1	non-significant	NA
random_GGGAACAGCGCGCAACCGGA	random	0.6906879764375329	0.4471992325221885	-0.6271163970468745	18240.5	1	Wilcoxon rank sum test with continuity correction	two.sided	1	non-significant	NA
random_GGGAACCGAAACGACCGGCG	random	1.3387447176121838	1.3733489288007346	0.03681733729374299	18240.5	1	Wilcoxon rank sum test with continuity correction	two.sided	1	non-significant	NA
random_GGGAACCGGCGGCCCAACGA	random	0.7460724302582208	0.8942554942853356	0.2613713800280768	18240.5	1	Wilcoxon rank sum test with continuity correction	two.sided	1	non-significant	NA
random_GGGAACGAAAGCCGAACCGC	random	1.1657475907151693	1.1659516974017592	2.5257434078930686e-4	18240.5	1	Wilcoxon rank sum test with continuity correction	two.sided	1	non-significant	NA
random_GGGAACGACCGGCGCAAAAG	random	0.587411752050027	0.7972566853066003	0.4406721608638717	18240.5	1	Wilcoxon rank sum test with continuity correction	two.sided	1	non-significant	NA
random_GGGACGACGAGCCCAAGCGA	random	0.9683297087811074	1.278977920370822	0.40142109570464857	18240.5	1	Wilcoxon rank sum test with continuity correction	two.sided	1	non-significant	NA
random_GGGAGCGACGCGAAAAGACG	random	0.7315040163751038	0.8743509290405771	0.25734664969456406	18240.5	1	Wilcoxon rank sum test with continuity correction	two.sided	1	non-significant	NA
random_GGGCAACGCCGGGCGACAAC	random	1.0356468872735223	0.8414181412500541	-0.29963735903247474	18240.5	1	Wilcoxon rank sum test with continuity correction	two.sided	1	non-significant	NA
random_GGGCAAGGCGAGCGCGAAAA	random	0.6191333935085261	0.7895783404818167	0.350832140266996	18240.5	1	Wilcoxon rank sum test with continuity correction	two.sided	1	non-significant	NA
random_GGGCCACGCGACGAAGGCCG	random	0.9986680557003063	0.9666028821801144	-0.047081928043065456	18240.5	1	Wilcoxon rank sum test with continuity correction	two.sided	1	non-significant	NA
random_GGGCCGAGCGAGACCCAACG	random	0.41972408967879665	0.4728914790596749	0.17206787862883421	18240.5	1	Wilcoxon rank sum test with continuity correction	two.sided	1	non-significant	NA
random_GGGCCGCGGCAAAACGCGAG	random	0.25409806929858875	0.17253448425927892	-0.5585006730425033	18240.5	1	Wilcoxon rank sum test with continuity correction	two.sided	1	non-significant	NA
random_GGGCGACGCGAAAGAGGACC	random	0.7993299748247791	0.504712843611788	-0.6633283913343713	18240.5	1	Wilcoxon rank sum test with continuity correction	two.sided	1	non-significant	NA
random_GGGCGCAAGACACGAGACCG	random	2.7289732921163283	2.516699941680132	-0.11682505662849833	18240.5	1	Wilcoxon rank sum test with continuity correction	two.sided	1	non-significant	NA
random_GGGCGCCGCACAAGGAACGG	random	1.6689440125818649	1.5885131471192635	-0.07125852760495248	18240.5	1	Wilcoxon rank sum test with continuity correction	two.sided	1	non-significant	NA
random_GGGCGCGAACGAAAAAGCAG	random	0.7317773392192319	0.7759230076968213	0.08450876483947131	18240.5	1	Wilcoxon rank sum test with continuity correction	two.sided	1	non-significant	NA
random_GGGCGCGCACCGAAGACGCA	random	NaN	NaN	NaN	18240.5	1	Wilcoxon rank sum test with continuity correction	two.sided	1	non-significant	NA
random_GGGCGGACGCACCGACCAAA	random	0.4837402380748098	0.5621920889886706	0.21683060483200056	18240.5	1	Wilcoxon rank sum test with continuity correction	two.sided	1	non-significant	NA
random_GGGGAACGGACGCCGAACGG	random	1.3617210780789075	1.4870790155468696	0.12705008088598244	18240.5	1	Wilcoxon rank sum test with continuity correction	two.sided	1	non-significant	NA
random_GGGGACGCGAGGCACGCGAC	random	1.6580591011437518	1.416409677803046	-0.22725682601410865	18240.5	1	Wilcoxon rank sum test with continuity correction	two.sided	1	non-significant	NA
random_GGGGACGCGGGCCCGCACAA	random	1.0134156468664581	0.8760750076021936	-0.21009970838861225	18240.5	1	Wilcoxon rank sum test with continuity correction	two.sided	1	non-significant	NA
random_GGGGCGGCAACGAAAACGCG	random	1.0175782149506134	1.1418710827600158	0.16626008982310722	18240.5	1	Wilcoxon rank sum test with continuity correction	two.sided	1	non-significant	NA
random_GGGGGAACGAAACACGAGCG	random	1.8120610666703731	1.9329034861950085	0.09313802745253054	18240.5	1	Wilcoxon rank sum test with continuity correction	two.sided	1	non-significant	NA
